{
  "version": 2,
  "name": "kyctrust-platform",
  "builds": [
    {
      "src": "package.json",
      "use": "@vercel/static-build",
      "config": {
        "distDir": "dist"
      }
    }
  ],
  "routes": [
    {
      "handle": "filesystem"
    },
    {
      "src": "/admin.*",
      "dest": "/index.html"
    },
    {
      "src": "/.*",
      "dest": "/index.html"
    }
  ],
  "headers": [
    {
      "source": "/.*",
      "headers": [
        {
          "key": "X-Content-Type-Options",
          "value": "nosniff"
        },
        {
          "key": "X-Frame-Options",
          "value": "DENY"
        },
        {
          "key": "X-XSS-Protection",
          "value": "1; mode=block"
        },
        {
          "key": "Referrer-Policy",
          "value": "strict-origin-when-cross-origin"
        },
        {
          "key": "Permissions-Policy",
          "value": "camera=(), microphone=(), geolocation=()"
        }
      ]
    },
    {
      "source": "/(.*).html",
      "headers": [
        {
          "key": "Cache-Control",
          "value": "public, max-age=0, must-revalidate"
        }
      ]
    },
    {
      "source": "/static/(.*)",
      "headers": [
        {
          "key": "Cache-Control",
          "value": "public, max-age=31536000, immutable"
        }
      ]
    },
    {
      "source": "/(.*).js",
      "headers": [
        {
          "key": "Cache-Control",
          "value": "public, max-age=31536000, immutable"
        }
      ]
    },
    {
      "source": "/(.*).css",
      "headers": [
        {
          "key": "Cache-Control",
          "value": "public, max-age=31536000, immutable"
        }
      ]
    }
  ],
  "env": {
    "NODE_ENV": "production"
  },
  "functions": {
    "src/api/*.js": {
      "runtime": "nodejs18.x"
    }
  },
  "rewrites": [
    {
      "source": "/api/(.*)",
      "destination": "/api/$1"
    }
  ]
}
